precision,accuracy,recall,duration
0.9117242498583392,0.92275,0.9087783168385879,1855.0950918197632
